INSERT INTO CLIENTES VALUES ('1234567890', 'PEREZ', 'AV. PRINCIPAL 123', '25', 'JUANPEREZ@CORREO.COM', 'JUAN');
INSERT INTO CLIENTES VALUES ('0987654321', 'GONZALEZ', 'CALLE SECUNDARIA 456', '30', 'MARIAGONZALEZ@CORREO.COM', 'MARIA');
INSERT INTO CLIENTES VALUES ('1357908642', 'RODRIGUEZ', 'CARRERA PRINCIPAL 789', '40', 'PEDRORODRIGUEZ@CORREO.COM', 'PEDRO');
INSERT INTO CLIENTES VALUES ('2468013579', 'SANCHEZ', 'AV. SECUNDARIA 345', '35', 'ANASANCHEZ@CORREO.COM', 'ANA');
INSERT INTO CLIENTES VALUES ('3692581470', 'MARTINEZ', 'CALLE PRINCIPAL 567', '28', 'CARLOSMARTINEZ@CORREO.COM', 'CARLOS');
INSERT INTO CLIENTES VALUES ('8642097531', 'ALVAREZ', 'CARRERA SECUNDARIA 234', '29', 'LAURAALVAREZ@CORREO.COM', 'LAURA');
INSERT INTO CLIENTES VALUES ('9753108642', 'RAMIREZ', 'AV. PRINCIPAL 678', '50', 'OSCARRAMIREZ@CORREO.COM', 'OSCAR');
INSERT INTO CLIENTES VALUES ('7531908642', 'LOPEZ', 'CALLE PRINCIPAL 789', '42', 'ANDREALOPEZ@CORREO.COM', 'ANDREA');
INSERT INTO CLIENTES VALUES ('4201987531', 'GARCIA', 'CARRERA SECUNDARIA 567', '33', 'LUISGARCIA@CORREO.COM', 'LUIS');
INSERT INTO CLIENTES VALUES ('5312809746', 'JIMENEZ', 'AV. SECUNDARIA 456', '27', 'PAULAJIMENEZ@CORREO.COM', 'PAULA');
INSERT INTO HABITACIONES VALUES(1, 50000, 'ESTANDAR');
INSERT INTO HABITACIONES VALUES(2,150000,  'PREMIUM');
INSERT INTO HABITACIONES VALUES(3, 30000, 'ESTANDAR');
INSERT INTO HABITACIONES VALUES(4,250000,  'PREMIUM');
INSERT INTO HABITACIONES VALUES(5,330000,  'PREMIUM');
INSERT INTO HABITACIONES VALUES(6, 60000, 'ESTANDAR');
INSERT INTO HABITACIONES VALUES(7, 280000,  'PREMIUM');
INSERT INTO HABITACIONES VALUES(8, 45000, 'ESTANDAR');
INSERT INTO HABITACIONES VALUES(9, 50000, 'ESTANDAR');
INSERT INTO HABITACIONES VALUES(10, 90000, 'ESTANDAR');
ALTER TABLE RESERVAS ALTER COLUMN CODIGO INTEGER AUTO_INCREMENT;
INSERT INTO RESERVAS (FECHA, TOTAL, CEDULA_CLIENTE, NUMERO_HABITACION) VALUES('2023-04-22', 70000, 1234567890, 1);
INSERT INTO RESERVAS (FECHA, TOTAL, CEDULA_CLIENTE, NUMERO_HABITACION) VALUES('2023-04-22', 170000, 0987654321, 2);
INSERT INTO RESERVAS (FECHA, TOTAL, CEDULA_CLIENTE, NUMERO_HABITACION) VALUES('2023-04-20', 50000, 1357908642, 3);
INSERT INTO RESERVAS (FECHA, TOTAL, CEDULA_CLIENTE, NUMERO_HABITACION) VALUES('2023-04-20', 270000, 2468013579, 4);
INSERT INTO RESERVAS (FECHA, TOTAL, CEDULA_CLIENTE, NUMERO_HABITACION) VALUES('2023-04-20', 350000, 4201987531, 5);
INSERT INTO RESERVAS (FECHA, TOTAL, CEDULA_CLIENTE, NUMERO_HABITACION) VALUES('2023-04-20', 80000, 3692581470, 6);
INSERT INTO RESERVAS (FECHA, TOTAL, CEDULA_CLIENTE, NUMERO_HABITACION) VALUES('2023-04-20', 310000, 8642097531, 7);
INSERT INTO RESERVAS (FECHA, TOTAL, CEDULA_CLIENTE, NUMERO_HABITACION) VALUES('2023-04-20', 65000, 9753108642, 8);
INSERT INTO RESERVAS (FECHA, TOTAL, CEDULA_CLIENTE, NUMERO_HABITACION) VALUES('2023-04-20', 70000, 7531908642, 9);
INSERT INTO RESERVAS (FECHA, TOTAL, CEDULA_CLIENTE, NUMERO_HABITACION) VALUES('2023-04-20', 110000, 1234567890, 10);
INSERT INTO RESERVAS (FECHA, TOTAL, CEDULA_CLIENTE, NUMERO_HABITACION) VALUES('2023-04-19', 110000, 1234567890, 10);
INSERT INTO RESERVAS (FECHA, TOTAL, CEDULA_CLIENTE, NUMERO_HABITACION) VALUES('2023-04-18', 110000, 1234567890, 10);
